{
  "final_loss": 4.404482364654541,
  "final_reconstruction_loss": 1.0553505420684814,
  "final_l0": 2.74365234375,
  "final_dead_fraction": 0.01715087890625,
  "total_steps": 1217,
  "reconstruction_mse": 0.8111997246742249,
  "cosine_similarity": 0.3504812717437744,
  "l0": 721.224609375,
  "dead_fraction": 0.05035400390625,
  "explained_variance": 0.8994105625757494,
  "num_eval_samples": 4096,
  "normal_ce": 2.809773453474045,
  "sae_ce": 11.592865176200867,
  "ce_recovered": -2.12590743281003,
  "num_eval_texts": 50
}