{
  "final_loss": 0.11981990933418274,
  "final_reconstruction_loss": 0.11411406099796295,
  "final_l0": 64.0,
  "final_dead_fraction": 0.42340087890625,
  "total_steps": 1217,
  "reconstruction_mse": 0.3254966139793396,
  "cosine_similarity": 0.7867910265922546,
  "l0": 64.0,
  "dead_fraction": 0.5595703125,
  "explained_variance": 0.94967048759999,
  "num_eval_samples": 4096,
  "normal_ce": 3.466821804046631,
  "sae_ce": 4.965551438331604,
  "ce_recovered": 0.5676934901772025,
  "num_eval_texts": 50
}