{
  "final_loss": 0.4331299662590027,
  "final_reconstruction_loss": 0.04141443222761154,
  "final_l0": 1864.671142578125,
  "final_dead_fraction": 0.0,
  "total_steps": 1217,
  "reconstruction_mse": 0.13094176352024078,
  "cosine_similarity": 0.9557712078094482,
  "l0": 4334.5234375,
  "dead_fraction": 0.0,
  "explained_variance": 0.9797479355749672,
  "num_eval_samples": 4096,
  "normal_ce": 3.466821804046631,
  "sae_ce": 3.5014009726047517,
  "ce_recovered": 0.9900256862011891,
  "num_eval_texts": 50
}