{
  "final_loss": 0.6954250931739807,
  "final_reconstruction_loss": 0.07925643026828766,
  "final_l0": 695.590087890625,
  "final_dead_fraction": 0.0,
  "total_steps": 1217,
  "reconstruction_mse": 0.15309524536132812,
  "cosine_similarity": 0.9187283515930176,
  "l0": 1821.03759765625,
  "dead_fraction": 0.0,
  "explained_variance": 0.9763217694924204,
  "num_eval_samples": 4096,
  "normal_ce": 3.466821804046631,
  "sae_ce": 3.5338241124153136,
  "ce_recovered": 0.9806732759409571,
  "num_eval_texts": 50
}