{
  "final_loss": 0.13989943265914917,
  "final_reconstruction_loss": 0.13989943265914917,
  "final_l0": 32.0,
  "final_dead_fraction": 0.7371826171875,
  "total_steps": 1217,
  "reconstruction_mse": 0.37859129905700684,
  "cosine_similarity": 0.7415649890899658,
  "l0": 32.0,
  "dead_fraction": 0.78533935546875,
  "explained_variance": 0.9414647645524772,
  "num_eval_samples": 4096,
  "normal_ce": 3.466821804046631,
  "sae_ce": 6.150230822563171,
  "ce_recovered": 0.22597434474874256,
  "num_eval_texts": 50
}