{
  "final_loss": 0.4691203534603119,
  "final_reconstruction_loss": 0.06408193707466125,
  "final_l0": 821.602294921875,
  "final_dead_fraction": 0.0,
  "total_steps": 1217,
  "reconstruction_mse": 0.1443486362695694,
  "cosine_similarity": 0.919029951095581,
  "l0": 1500.927734375,
  "dead_fraction": 0.0,
  "explained_variance": 0.9776753562799527,
  "num_eval_samples": 4096,
  "normal_ce": 3.466821804046631,
  "sae_ce": 3.5044231700897215,
  "ce_recovered": 0.9891539374769132,
  "num_eval_texts": 50
}