{
  "0": {
    "mean": -0.0024065657053142786,
    "std": 0.27504774928092957,
    "kurtosis": 169.55397033691406,
    "mean_norm": 12.446053504943848,
    "pca_var_10": 0.8813377618789673
  },
  "1": {
    "mean": -0.003557046176865697,
    "std": 0.3637010157108307,
    "kurtosis": 311.543212890625,
    "mean_norm": 16.45894432067871,
    "pca_var_10": 0.8406856060028076
  },
  "2": {
    "mean": -0.004273397848010063,
    "std": 0.3842312693595886,
    "kurtosis": 310.3072509765625,
    "mean_norm": 17.388320922851562,
    "pca_var_10": 0.8416675925254822
  },
  "3": {
    "mean": -0.004517965484410524,
    "std": 0.40714871883392334,
    "kurtosis": 237.48387145996094,
    "mean_norm": 18.423601150512695,
    "pca_var_10": 0.793055534362793
  },
  "4": {
    "mean": -0.004918197635561228,
    "std": 0.44056907296180725,
    "kurtosis": 249.89089965820312,
    "mean_norm": 19.93598747253418,
    "pca_var_10": 0.7294602394104004
  },
  "5": {
    "mean": -0.005922418087720871,
    "std": 0.4678186774253845,
    "kurtosis": 308.0026550292969,
    "mean_norm": 21.168439865112305,
    "pca_var_10": 0.7975216507911682
  },
  "6": {
    "mean": -0.006434567738324404,
    "std": 0.5059748888015747,
    "kurtosis": 278.38751220703125,
    "mean_norm": 22.89474868774414,
    "pca_var_10": 0.754665195941925
  },
  "7": {
    "mean": -0.007128547877073288,
    "std": 0.49337130784988403,
    "kurtosis": 177.2058868408203,
    "mean_norm": 22.323490142822266,
    "pca_var_10": 0.7538872361183167
  },
  "8": {
    "mean": -0.005852717440575361,
    "std": 0.5152489542961121,
    "kurtosis": 163.80252075195312,
    "mean_norm": 23.30852508544922,
    "pca_var_10": 0.7164025902748108
  },
  "9": {
    "mean": -0.006376258563250303,
    "std": 0.5181759595870972,
    "kurtosis": 174.88406372070312,
    "mean_norm": 23.431713104248047,
    "pca_var_10": 0.7222821116447449
  },
  "10": {
    "mean": -0.007110499311238527,
    "std": 0.6100245118141174,
    "kurtosis": 211.39071655273438,
    "mean_norm": 27.591556549072266,
    "pca_var_10": 0.6588674187660217
  },
  "11": {
    "mean": -0.00822601281106472,
    "std": 0.5837863683700562,
    "kurtosis": 79.87657165527344,
    "mean_norm": 26.396291732788086,
    "pca_var_10": 0.6696484088897705
  },
  "12": {
    "mean": -0.008430429734289646,
    "std": 0.6112195253372192,
    "kurtosis": 88.14925384521484,
    "mean_norm": 27.647727966308594,
    "pca_var_10": 0.6635029911994934
  },
  "13": {
    "mean": -0.009494765661656857,
    "std": 0.6232542395591736,
    "kurtosis": 65.63933563232422,
    "mean_norm": 28.194374084472656,
    "pca_var_10": 0.653019905090332
  },
  "14": {
    "mean": -0.010502796620130539,
    "std": 0.7107373476028442,
    "kurtosis": 105.72349548339844,
    "mean_norm": 32.151634216308594,
    "pca_var_10": 0.6478917002677917
  },
  "15": {
    "mean": -0.011166209354996681,
    "std": 0.7424649000167847,
    "kurtosis": 90.51762390136719,
    "mean_norm": 33.56438446044922,
    "pca_var_10": 0.6906050443649292
  },
  "16": {
    "mean": -0.013406958431005478,
    "std": 0.7923105955123901,
    "kurtosis": 53.542449951171875,
    "mean_norm": 35.835636138916016,
    "pca_var_10": 0.6288871169090271
  },
  "17": {
    "mean": -0.015126192010939121,
    "std": 0.8857768177986145,
    "kurtosis": 62.58033752441406,
    "mean_norm": 40.074806213378906,
    "pca_var_10": 0.631155252456665
  },
  "18": {
    "mean": -0.01637187972664833,
    "std": 0.9517439007759094,
    "kurtosis": 86.61911010742188,
    "mean_norm": 43.03812026977539,
    "pca_var_10": 0.6518757343292236
  },
  "19": {
    "mean": -0.016085611656308174,
    "std": 0.9562828540802002,
    "kurtosis": 81.15790557861328,
    "mean_norm": 43.25154113769531,
    "pca_var_10": 0.6702517867088318
  },
  "20": {
    "mean": -0.01753363199532032,
    "std": 0.9543591737747192,
    "kurtosis": 41.11254119873047,
    "mean_norm": 43.172584533691406,
    "pca_var_10": 0.673234224319458
  },
  "21": {
    "mean": -0.019286196678876877,
    "std": 1.0482349395751953,
    "kurtosis": 46.137691497802734,
    "mean_norm": 47.41402053833008,
    "pca_var_10": 0.6817059516906738
  },
  "22": {
    "mean": -0.018702371045947075,
    "std": 1.221650242805481,
    "kurtosis": 40.67097091674805,
    "mean_norm": 55.251502990722656,
    "pca_var_10": 0.6840361952781677
  },
  "23": {
    "mean": -0.020881401374936104,
    "std": 1.3109540939331055,
    "kurtosis": 22.04657745361328,
    "mean_norm": 59.30491638183594,
    "pca_var_10": 0.7136979103088379
  },
  "24": {
    "mean": -0.022097747772932053,
    "std": 1.389161229133606,
    "kurtosis": 19.771041870117188,
    "mean_norm": 62.83772277832031,
    "pca_var_10": 0.7369343638420105
  },
  "25": {
    "mean": -0.02589637041091919,
    "std": 1.4670000076293945,
    "kurtosis": 14.185367584228516,
    "mean_norm": 66.34291076660156,
    "pca_var_10": 0.7495697140693665
  },
  "26": {
    "mean": -0.03275095298886299,
    "std": 1.5366005897521973,
    "kurtosis": 12.042913436889648,
    "mean_norm": 69.4544448852539,
    "pca_var_10": 0.7507259845733643
  },
  "27": {
    "mean": -0.049174271523952484,
    "std": 1.6960161924362183,
    "kurtosis": 16.182641983032227,
    "mean_norm": 76.71886444091797,
    "pca_var_10": 0.7833091020584106
  },
  "28": {
    "mean": -0.0611412413418293,
    "std": 2.0054330825805664,
    "kurtosis": 27.492647171020508,
    "mean_norm": 90.74490356445312,
    "pca_var_10": 0.8054553270339966
  },
  "29": {
    "mean": -0.0693727657198906,
    "std": 2.3016257286071777,
    "kurtosis": 37.813968658447266,
    "mean_norm": 104.13507843017578,
    "pca_var_10": 0.8153388500213623
  },
  "30": {
    "mean": -0.08129101991653442,
    "std": 2.5869781970977783,
    "kurtosis": 41.11180877685547,
    "mean_norm": 117.0074234008789,
    "pca_var_10": 0.8171447515487671
  },
  "31": {
    "mean": -0.09570319205522537,
    "std": 2.8531229496002197,
    "kurtosis": 46.669864654541016,
    "mean_norm": 129.0334930419922,
    "pca_var_10": 0.8033197522163391
  },
  "32": {
    "mean": -0.10681744664907455,
    "std": 3.1104612350463867,
    "kurtosis": 29.902767181396484,
    "mean_norm": 140.63320922851562,
    "pca_var_10": 0.7969571948051453
  },
  "33": {
    "mean": -0.1290505826473236,
    "std": 3.4994287490844727,
    "kurtosis": 27.124664306640625,
    "mean_norm": 158.30018615722656,
    "pca_var_10": 0.7886945605278015
  },
  "34": {
    "mean": -0.14815621078014374,
    "std": 3.8049440383911133,
    "kurtosis": 21.755146026611328,
    "mean_norm": 172.19920349121094,
    "pca_var_10": 0.7829662561416626
  },
  "35": {
    "mean": -0.1614893078804016,
    "std": 3.793112277984619,
    "kurtosis": 21.096363067626953,
    "mean_norm": 171.07650756835938,
    "pca_var_10": 0.753761351108551
  }
}