{
  "best_layer": 35,
  "per_layer": {
    "0": {
      "mean_acc": 0.6266666666666667,
      "std_acc": 0.1540562667772179
    },
    "1": {
      "mean_acc": 0.6233333333333333,
      "std_acc": 0.14779866184930243
    },
    "2": {
      "mean_acc": 0.6366666666666666,
      "std_acc": 0.1465908895153068
    },
    "3": {
      "mean_acc": 0.6,
      "std_acc": 0.1038160766826496
    },
    "4": {
      "mean_acc": 0.61,
      "std_acc": 0.0958007190879994
    },
    "5": {
      "mean_acc": 0.6133333333333334,
      "std_acc": 0.09333333333333331
    },
    "6": {
      "mean_acc": 0.62,
      "std_acc": 0.08259674462242578
    },
    "7": {
      "mean_acc": 0.6166666666666667,
      "std_acc": 0.09486832980505136
    },
    "8": {
      "mean_acc": 0.6466666666666667,
      "std_acc": 0.08124038404635958
    },
    "9": {
      "mean_acc": 0.6366666666666667,
      "std_acc": 0.08589399151150082
    },
    "10": {
      "mean_acc": 0.66,
      "std_acc": 0.0928559218478941
    },
    "11": {
      "mean_acc": 0.6633333333333333,
      "std_acc": 0.09392668535736914
    },
    "12": {
      "mean_acc": 0.66,
      "std_acc": 0.10088497300281037
    },
    "13": {
      "mean_acc": 0.6599999999999999,
      "std_acc": 0.09225568335398698
    },
    "14": {
      "mean_acc": 0.67,
      "std_acc": 0.1071862346054235
    },
    "15": {
      "mean_acc": 0.67,
      "std_acc": 0.10187137859957414
    },
    "16": {
      "mean_acc": 0.6466666666666667,
      "std_acc": 0.1071862346054235
    },
    "17": {
      "mean_acc": 0.6466666666666667,
      "std_acc": 0.09273618495495704
    },
    "18": {
      "mean_acc": 0.6433333333333333,
      "std_acc": 0.10143416036468626
    },
    "19": {
      "mean_acc": 0.6633333333333333,
      "std_acc": 0.10402991022884824
    },
    "20": {
      "mean_acc": 0.66,
      "std_acc": 0.09695359714832659
    },
    "21": {
      "mean_acc": 0.6599999999999999,
      "std_acc": 0.10143416036468625
    },
    "22": {
      "mean_acc": 0.6466666666666667,
      "std_acc": 0.10402991022884824
    },
    "23": {
      "mean_acc": 0.67,
      "std_acc": 0.1199073716573663
    },
    "24": {
      "mean_acc": 0.6799999999999999,
      "std_acc": 0.11661903789690597
    },
    "25": {
      "mean_acc": 0.6666666666666667,
      "std_acc": 0.11925695879998877
    },
    "26": {
      "mean_acc": 0.6733333333333333,
      "std_acc": 0.10984838035522722
    },
    "27": {
      "mean_acc": 0.6900000000000001,
      "std_acc": 0.10780641085864152
    },
    "28": {
      "mean_acc": 0.6933333333333334,
      "std_acc": 0.10677078252031309
    },
    "29": {
      "mean_acc": 0.6866666666666668,
      "std_acc": 0.116619037896906
    },
    "30": {
      "mean_acc": 0.6900000000000001,
      "std_acc": 0.1057250101810247
    },
    "31": {
      "mean_acc": 0.6900000000000001,
      "std_acc": 0.1147945023848171
    },
    "32": {
      "mean_acc": 0.6900000000000001,
      "std_acc": 0.11085526098877259
    },
    "33": {
      "mean_acc": 0.6933333333333334,
      "std_acc": 0.11035296904831235
    },
    "34": {
      "mean_acc": 0.6833333333333333,
      "std_acc": 0.11595018087284056
    },
    "35": {
      "mean_acc": 0.7033333333333334,
      "std_acc": 0.11125546178852423
    }
  },
  "per_language": {
    "ar": {
      "0": 0.54,
      "1": 0.6100000000000001,
      "2": 0.5800000000000001,
      "3": 0.5900000000000001,
      "4": 0.6,
      "5": 0.5900000000000001,
      "6": 0.66,
      "7": 0.69,
      "8": 0.69,
      "9": 0.6799999999999999,
      "10": 0.7300000000000001,
      "11": 0.72,
      "12": 0.74,
      "13": 0.77,
      "14": 0.7499999999999999,
      "15": 0.78,
      "16": 0.8100000000000002,
      "17": 0.76,
      "18": 0.78,
      "19": 0.78,
      "20": 0.8099999999999999,
      "21": 0.8100000000000002,
      "22": 0.7900000000000001,
      "23": 0.75,
      "24": 0.74,
      "25": 0.76,
      "26": 0.7899999999999999,
      "27": 0.78,
      "28": 0.7999999999999999,
      "29": 0.8099999999999999,
      "30": 0.7999999999999999,
      "31": 0.82,
      "32": 0.8099999999999999,
      "33": 0.7999999999999999,
      "34": 0.7999999999999999,
      "35": 0.7999999999999999
    },
    "en": {
      "0": 0.71,
      "1": 0.71,
      "2": 0.71,
      "3": 0.71,
      "4": 0.6900000000000001,
      "5": 0.6900000000000001,
      "6": 0.68,
      "7": 0.7,
      "8": 0.71,
      "9": 0.7200000000000001,
      "10": 0.78,
      "11": 0.77,
      "12": 0.7899999999999999,
      "13": 0.8,
      "14": 0.8499999999999999,
      "15": 0.85,
      "16": 0.86,
      "17": 0.89,
      "18": 0.89,
      "19": 0.9200000000000002,
      "20": 0.93,
      "21": 0.9,
      "22": 0.9,
      "23": 0.9099999999999999,
      "24": 0.9200000000000002,
      "25": 0.89,
      "26": 0.9,
      "27": 0.9099999999999999,
      "28": 0.9099999999999999,
      "29": 0.9099999999999999,
      "30": 0.9099999999999999,
      "31": 0.9099999999999999,
      "32": 0.9099999999999999,
      "33": 0.9,
      "34": 0.9,
      "35": 0.9099999999999999
    },
    "hi": {
      "0": 0.6599999999999999,
      "1": 0.6599999999999999,
      "2": 0.6599999999999999,
      "3": 0.63,
      "4": 0.63,
      "5": 0.65,
      "6": 0.58,
      "7": 0.57,
      "8": 0.62,
      "9": 0.58,
      "10": 0.6,
      "11": 0.61,
      "12": 0.6100000000000001,
      "13": 0.6399999999999999,
      "14": 0.6599999999999999,
      "15": 0.6799999999999999,
      "16": 0.6900000000000001,
      "17": 0.67,
      "18": 0.68,
      "19": 0.65,
      "20": 0.6699999999999999,
      "21": 0.64,
      "22": 0.63,
      "23": 0.6100000000000001,
      "24": 0.6100000000000001,
      "25": 0.6199999999999999,
      "26": 0.6,
      "27": 0.6,
      "28": 0.61,
      "29": 0.5900000000000001,
      "30": 0.5900000000000001,
      "31": 0.59,
      "32": 0.6100000000000001,
      "33": 0.6,
      "34": 0.5700000000000001,
      "35": 0.6
    }
  },
  "cross_lingual_transfer": {
    "ar": 0.73,
    "hi": 0.48
  }
}