{
  "final_loss": 0.03626253455877304,
  "final_reconstruction_loss": 0.017679600045084953,
  "final_l0": 4783.06103515625,
  "final_dead_fraction": 0.0001220703125,
  "total_steps": 1217,
  "reconstruction_mse": 0.08512604236602783,
  "cosine_similarity": 0.9700279235839844,
  "l0": 5151.2314453125,
  "dead_fraction": 0.0,
  "explained_variance": 0.9868357295524846,
  "num_eval_samples": 4096,
  "normal_ce": 3.466821804046631,
  "sae_ce": 3.483079124689102,
  "ce_recovered": 0.9953105981324177,
  "num_eval_texts": 50
}