{
  "final_loss": 0.9621946215629578,
  "final_reconstruction_loss": 0.13659583032131195,
  "final_l0": 276.528564453125,
  "final_dead_fraction": 0.0,
  "total_steps": 1217,
  "reconstruction_mse": 0.22279834747314453,
  "cosine_similarity": 0.8728654384613037,
  "l0": 1171.05126953125,
  "dead_fraction": 0.0,
  "explained_variance": 0.9655414061359141,
  "num_eval_samples": 4096,
  "normal_ce": 3.466821804046631,
  "sae_ce": 3.739063272476196,
  "ce_recovered": 0.9214723213890623,
  "num_eval_texts": 50
}