{
  "final_loss": 0.23069879412651062,
  "final_reconstruction_loss": 0.08991684019565582,
  "final_l0": 744.40771484375,
  "final_dead_fraction": 0.0,
  "total_steps": 1217,
  "reconstruction_mse": 0.16880306601524353,
  "cosine_similarity": 0.9096263647079468,
  "l0": 2000.144287109375,
  "dead_fraction": 0.0,
  "explained_variance": 0.9738917025472643,
  "num_eval_samples": 4096,
  "normal_ce": 3.466821804046631,
  "sae_ce": 3.6012445485591886,
  "ce_recovered": 0.9612259434979746,
  "num_eval_texts": 50
}