{
  "final_loss": 0.15805785357952118,
  "final_reconstruction_loss": 0.15129607915878296,
  "final_l0": 32.0,
  "final_dead_fraction": 0.78350830078125,
  "total_steps": 1217,
  "reconstruction_mse": 0.38870978355407715,
  "cosine_similarity": 0.7361933588981628,
  "l0": 32.0,
  "dead_fraction": 0.8175048828125,
  "explained_variance": 0.9399003677300304,
  "num_eval_samples": 4096,
  "normal_ce": 3.466821804046631,
  "sae_ce": 5.750712904930115,
  "ce_recovered": 0.34121474076988234,
  "num_eval_texts": 50
}