{
  "final_loss": 0.6329001784324646,
  "final_reconstruction_loss": 0.6328328847885132,
  "final_l0": 6131.16357421875,
  "final_dead_fraction": 0.0010986328125,
  "total_steps": 101,
  "reconstruction_mse": 2.2296433448791504,
  "cosine_similarity": 0.910702645778656,
  "l0": 6063.85546875,
  "dead_fraction": 0.0,
  "explained_variance": 0.705057918647708,
  "num_eval_samples": 4096,
  "normal_ce": 2.573423829078674,
  "sae_ce": 2.7342918729782104,
  "ce_recovered": 0.9374887097563211,
  "num_eval_texts": 50
}