{
  "final_loss": 0.013372411020100117,
  "final_reconstruction_loss": 0.013263670727610588,
  "final_l0": 4876.3974609375,
  "final_dead_fraction": 6.103515625e-05,
  "total_steps": 1217,
  "reconstruction_mse": 0.07905841618776321,
  "cosine_similarity": 0.9725092053413391,
  "l0": 5242.9775390625,
  "dead_fraction": 6.103515625e-05,
  "explained_variance": 0.9901970303069034,
  "num_eval_samples": 4096,
  "normal_ce": 2.809773453474045,
  "sae_ce": 2.818166970014572,
  "ce_recovered": 0.9970127426002444,
  "num_eval_texts": 50
}